{"cameraMode":{"drawMode":0,"name":"Shaded","section":"Shading Mode"},"sceneLighting":false,"audioPlay":false,"sceneViewState":{"m_AlwaysRefresh":false,"showFog":true,"showSkybox":false,"showFlares":true,"showImageEffects":true,"showParticleSystems":true,"showVisualEffectGraphs":true,"m_FxEnabled":true},"in2DMode":false,"pivot":{"x":38.100181579589847,"y":2.120391845703125,"z":85.97702026367188},"rotation":{"x":0.057271894067525867,"y":-0.8693498969078064,"z":0.10377568751573563,"w":0.47978442907333376},"size":7.785737037658691,"orthographic":false}