{"cameraMode":{"drawMode":0,"name":"Shaded","section":"Shading Mode"},"sceneLighting":false,"audioPlay":false,"sceneViewState":{"m_AlwaysRefresh":false,"showFog":true,"showSkybox":false,"showFlares":true,"showImageEffects":true,"showParticleSystems":true,"showVisualEffectGraphs":true,"m_FxEnabled":true},"in2DMode":false,"pivot":{"x":1.2224124670028687,"y":-0.6279006004333496,"z":5.280776500701904},"rotation":{"x":0.32419344782829287,"y":-0.10752668976783753,"z":0.037118807435035709,"w":0.939128577709198},"size":5.231332778930664,"orthographic":false}