{"cameraMode":{"drawMode":0,"name":"Shaded","section":"Shading Mode"},"sceneLighting":false,"audioPlay":false,"sceneViewState":{"m_AlwaysRefresh":false,"showFog":true,"showSkybox":false,"showFlares":true,"showImageEffects":true,"showParticleSystems":true,"showVisualEffectGraphs":true,"m_FxEnabled":true},"in2DMode":false,"pivot":{"x":51.30890655517578,"y":0.34800654649734499,"z":94.21126556396485},"rotation":{"x":0.11739518493413925,"y":-0.5042314529418945,"z":0.06941772997379303,"w":0.8527384996414185},"size":0.44354450702667239,"orthographic":false}