{"cameraMode":{"drawMode":0,"name":"Shaded","section":"Shading Mode"},"sceneLighting":false,"audioPlay":false,"sceneViewState":{"m_AlwaysRefresh":false,"showFog":true,"showSkybox":false,"showFlares":true,"showImageEffects":true,"showParticleSystems":true,"showVisualEffectGraphs":true,"m_FxEnabled":true},"in2DMode":false,"pivot":{"x":50.88185501098633,"y":1.6487808227539063,"z":97.13822174072266},"rotation":{"x":0.25210678577423098,"y":-0.44646361470222475,"z":0.13269482553005219,"w":0.8482353687286377},"size":2.062832832336426,"orthographic":true}