{"cameraMode":{"drawMode":0,"name":"Shaded","section":"Shading Mode"},"sceneLighting":false,"audioPlay":false,"sceneViewState":{"m_AlwaysRefresh":false,"showFog":true,"showSkybox":false,"showFlares":true,"showImageEffects":true,"showParticleSystems":true,"showVisualEffectGraphs":true,"m_FxEnabled":true},"in2DMode":false,"pivot":{"x":57.146278381347659,"y":0.4616375267505646,"z":93.56147003173828},"rotation":{"x":0.04444140940904617,"y":0.7958462238311768,"z":-0.058846622705459598,"w":0.6009975671768189},"size":1.177976369857788,"orthographic":false}